{"graph": {"_type": "graph-file", "path": "media/graph/graph_summary_59b1c9579e1f572e5b87.graph.json", "sha256": "59b1c9579e1f572e5b8702fba99225a5ab346df38d64cd7fca64f7e6c19f2dd2", "size": 9955}, "epoch": 199, "loss": 0.030851025134325027, "val_loss": 0.04075656831264496, "_runtime": 8793, "_timestamp": 1629830999, "_step": 199, "best_val_loss": 0.03114846721291542, "best_epoch": 198, "_wandb": {"runtime": 8795}}