,loss,val_loss,lr
0,5.398534297943115,2.6990301609039307,0.001
