{"0":{"0":2.1361627579,"1":1.4218051434}}