{"Nao.AP@50small": 0.0006958343715516839, "Nao.nr_positives": "2312", "Ball.AP@50small": 0.00016964501827514646, "Ball.nr_positives": "418", "Nao.AP@50medium": 0.0023376124874953173, "Ball.AP@50medium": 0.0005830837125282968, "Nao.AP@50large": 0.19586950134438885, "Ball.AP@50large": null, "Nao.AP@50": 0.0012273477707744423, "Ball.AP@50": 0.0001626542711347388, "Nao.AP@75small": 4.011746393439992e-06, "Ball.AP@75small": 2.340659597874681e-05, "Nao.AP@75medium": 1.4895426657153454e-05, "Ball.AP@75medium": 0.0, "Nao.AP@75large": 0.002365753816760986, "Ball.AP@75large": null, "Nao.AP@75": 3.673836771432245e-06, "Ball.AP@75": 2.205120289311782e-05}