{"Nao.AP@50small": 0.3146136777570998, "Nao.nr_positives": "2370", "Ball.AP@50small": 0.4760063663426542, "Ball.nr_positives": "417", "Nao.AP@50medium": 0.8762158226371181, "Ball.AP@50medium": 0.2079207920792079, "Nao.AP@50large": 0.8968855643540733, "Ball.AP@50large": null, "Nao.AP@50": 0.5440613535939219, "Ball.AP@50": 0.470221768502716, "Nao.AP@75small": 0.023875868897282403, "Ball.AP@75small": 0.11770279442682298, "Nao.AP@75medium": 0.3214748245373986, "Ball.AP@75medium": 0.0, "Nao.AP@75large": 0.41823473415167667, "Ball.AP@75large": null, "Nao.AP@75": 0.12035649299748806, "Ball.AP@75": 0.11678489115879914}