{"Nao.AP@50small": 0.5228154239480355, "Nao.nr_positives": "2333", "Ball.AP@50small": 0.6088227140368299, "Ball.nr_positives": "426", "Nao.AP@50medium": 0.9102040078262986, "Ball.AP@50medium": 0.504950495049505, "Nao.AP@50large": 0.9335182520027868, "Ball.AP@50large": null, "Nao.AP@50": 0.7146729176345789, "Ball.AP@50": 0.607676329409788, "Nao.AP@75small": 0.08038566603504636, "Ball.AP@75small": 0.2347492038962189, "Nao.AP@75medium": 0.5772201648845756, "Ball.AP@75medium": 0.0, "Nao.AP@75large": 0.7433237039409274, "Ball.AP@75large": null, "Nao.AP@75": 0.2938393251800607, "Ball.AP@75": 0.23401418227969017}