{"Nao.AP@50small": 0.7154644732016945, "Nao.nr_positives": "7952", "Ball.AP@50small": 0.4051684263205693, "Ball.nr_positives": "839", "Nao.AP@50medium": 0.9416016722963017, "Ball.AP@50medium": 0.028956630102844303, "Nao.AP@50large": 0.9529528668750922, "Ball.AP@50large": null, "Nao.AP@50": 0.8014087422400775, "Ball.AP@50": 0.4032605753287381, "Nao.AP@75small": 0.16215600280978243, "Ball.AP@75small": 0.1275754332064228, "Nao.AP@75medium": 0.6132507603589776, "Ball.AP@75medium": 0.0, "Nao.AP@75large": 0.8282470018687045, "Ball.AP@75large": null, "Nao.AP@75": 0.31801702911816904, "Ball.AP@75": 0.1268467621549502}